﻿"ITTER107","Territorio","TIPO_DATO8","Tipo dato","TIME","Seleziona periodo","Value","Flag Codes","Flags"
"IT","Italia","INCID_POVREL_INDIV","incidenza di povertà relativa individuale (% di persone che vivono in famiglie in povertà relativa sui residenti)","2016","2016",14,,
"IT","Italia","INCID_POVREL_INDIV","incidenza di povertà relativa individuale (% di persone che vivono in famiglie in povertà relativa sui residenti)","2017","2017",15.6,,
"IT","Italia","INCID_POVREL_INDIV","incidenza di povertà relativa individuale (% di persone che vivono in famiglie in povertà relativa sui residenti)","2018","2018",15,,
"ITCD","Nord","INCID_POVREL_INDIV","incidenza di povertà relativa individuale (% di persone che vivono in famiglie in povertà relativa sui residenti)","2016","2016",8.4,,
"ITCD","Nord","INCID_POVREL_INDIV","incidenza di povertà relativa individuale (% di persone che vivono in famiglie in povertà relativa sui residenti)","2017","2017",8.2,,
"ITCD","Nord","INCID_POVREL_INDIV","incidenza di povertà relativa individuale (% di persone che vivono in famiglie in povertà relativa sui residenti)","2018","2018",8.7,,
"ITC","Nord-ovest","INCID_POVREL_INDIV","incidenza di povertà relativa individuale (% di persone che vivono in famiglie in povertà relativa sui residenti)","2016","2016",8.9,,
"ITC","Nord-ovest","INCID_POVREL_INDIV","incidenza di povertà relativa individuale (% di persone che vivono in famiglie in povertà relativa sui residenti)","2017","2017",8.8,,
"ITC","Nord-ovest","INCID_POVREL_INDIV","incidenza di povertà relativa individuale (% di persone che vivono in famiglie in povertà relativa sui residenti)","2018","2018",8.9,,
"ITC1","Piemonte","INCID_POVREL_INDIV","incidenza di povertà relativa individuale (% di persone che vivono in famiglie in povertà relativa sui residenti)","2016","2016",8.4,,
"ITC1","Piemonte","INCID_POVREL_INDIV","incidenza di povertà relativa individuale (% di persone che vivono in famiglie in povertà relativa sui residenti)","2017","2017",8.9,,
"ITC1","Piemonte","INCID_POVREL_INDIV","incidenza di povertà relativa individuale (% di persone che vivono in famiglie in povertà relativa sui residenti)","2018","2018",9.3,,
"ITC2","Valle d'Aosta / Vallée d'Aoste","INCID_POVREL_INDIV","incidenza di povertà relativa individuale (% di persone che vivono in famiglie in povertà relativa sui residenti)","2016","2016",6.3,,
"ITC2","Valle d'Aosta / Vallée d'Aoste","INCID_POVREL_INDIV","incidenza di povertà relativa individuale (% di persone che vivono in famiglie in povertà relativa sui residenti)","2017","2017",6.7,,
"ITC2","Valle d'Aosta / Vallée d'Aoste","INCID_POVREL_INDIV","incidenza di povertà relativa individuale (% di persone che vivono in famiglie in povertà relativa sui residenti)","2018","2018",5.6,,
"ITC3","Liguria","INCID_POVREL_INDIV","incidenza di povertà relativa individuale (% di persone che vivono in famiglie in povertà relativa sui residenti)","2016","2016",15.6,,
"ITC3","Liguria","INCID_POVREL_INDIV","incidenza di povertà relativa individuale (% di persone che vivono in famiglie in povertà relativa sui residenti)","2017","2017",14,,
"ITC3","Liguria","INCID_POVREL_INDIV","incidenza di povertà relativa individuale (% di persone che vivono in famiglie in povertà relativa sui residenti)","2018","2018",9.9,,
"ITC4","Lombardia","INCID_POVREL_INDIV","incidenza di povertà relativa individuale (% di persone che vivono in famiglie in povertà relativa sui residenti)","2016","2016",8,,
"ITC4","Lombardia","INCID_POVREL_INDIV","incidenza di povertà relativa individuale (% di persone che vivono in famiglie in povertà relativa sui residenti)","2017","2017",8,,
"ITC4","Lombardia","INCID_POVREL_INDIV","incidenza di povertà relativa individuale (% di persone che vivono in famiglie in povertà relativa sui residenti)","2018","2018",8.6,,
"ITD","Nord-est","INCID_POVREL_INDIV","incidenza di povertà relativa individuale (% di persone che vivono in famiglie in povertà relativa sui residenti)","2016","2016",7.7,,
"ITD","Nord-est","INCID_POVREL_INDIV","incidenza di povertà relativa individuale (% di persone che vivono in famiglie in povertà relativa sui residenti)","2017","2017",7.4,,
"ITD","Nord-est","INCID_POVREL_INDIV","incidenza di povertà relativa individuale (% di persone che vivono in famiglie in povertà relativa sui residenti)","2018","2018",8.6,,
"ITDA","Trentino Alto Adige / Südtirol","INCID_POVREL_INDIV","incidenza di povertà relativa individuale (% di persone che vivono in famiglie in povertà relativa sui residenti)","2016","2016",4,,
"ITDA","Trentino Alto Adige / Südtirol","INCID_POVREL_INDIV","incidenza di povertà relativa individuale (% di persone che vivono in famiglie in povertà relativa sui residenti)","2017","2017",7.6,,
"ITDA","Trentino Alto Adige / Südtirol","INCID_POVREL_INDIV","incidenza di povertà relativa individuale (% di persone che vivono in famiglie in povertà relativa sui residenti)","2018","2018",6.2,,
"ITD1","Provincia Autonoma Bolzano / Bozen","INCID_POVREL_INDIV","incidenza di povertà relativa individuale (% di persone che vivono in famiglie in povertà relativa sui residenti)","2016","2016",,"0","il dato non raggiunge la metà della cifra minima considerata"
"ITD1","Provincia Autonoma Bolzano / Bozen","INCID_POVREL_INDIV","incidenza di povertà relativa individuale (% di persone che vivono in famiglie in povertà relativa sui residenti)","2017","2017",,"0","il dato non raggiunge la metà della cifra minima considerata"
"ITD1","Provincia Autonoma Bolzano / Bozen","INCID_POVREL_INDIV","incidenza di povertà relativa individuale (% di persone che vivono in famiglie in povertà relativa sui residenti)","2018","2018",2.7,,
"ITD2","Provincia Autonoma Trento","INCID_POVREL_INDIV","incidenza di povertà relativa individuale (% di persone che vivono in famiglie in povertà relativa sui residenti)","2016","2016",7.9,,
"ITD2","Provincia Autonoma Trento","INCID_POVREL_INDIV","incidenza di povertà relativa individuale (% di persone che vivono in famiglie in povertà relativa sui residenti)","2017","2017",12.8,,
"ITD2","Provincia Autonoma Trento","INCID_POVREL_INDIV","incidenza di povertà relativa individuale (% di persone che vivono in famiglie in povertà relativa sui residenti)","2018","2018",9.6,,
"ITD3","Veneto","INCID_POVREL_INDIV","incidenza di povertà relativa individuale (% di persone che vivono in famiglie in povertà relativa sui residenti)","2016","2016",7.7,,
"ITD3","Veneto","INCID_POVREL_INDIV","incidenza di povertà relativa individuale (% di persone che vivono in famiglie in povertà relativa sui residenti)","2017","2017",8.2,,
"ITD3","Veneto","INCID_POVREL_INDIV","incidenza di povertà relativa individuale (% di persone che vivono in famiglie in povertà relativa sui residenti)","2018","2018",10.2,,
"ITD4","Friuli-Venezia Giulia","INCID_POVREL_INDIV","incidenza di povertà relativa individuale (% di persone che vivono in famiglie in povertà relativa sui residenti)","2016","2016",13.9,,
"ITD4","Friuli-Venezia Giulia","INCID_POVREL_INDIV","incidenza di povertà relativa individuale (% di persone che vivono in famiglie in povertà relativa sui residenti)","2017","2017",10.9,,
"ITD4","Friuli-Venezia Giulia","INCID_POVREL_INDIV","incidenza di povertà relativa individuale (% di persone che vivono in famiglie in povertà relativa sui residenti)","2018","2018",10.4,,
"ITD5","Emilia-Romagna","INCID_POVREL_INDIV","incidenza di povertà relativa individuale (% di persone che vivono in famiglie in povertà relativa sui residenti)","2016","2016",6.8,,
"ITD5","Emilia-Romagna","INCID_POVREL_INDIV","incidenza di povertà relativa individuale (% di persone che vivono in famiglie in povertà relativa sui residenti)","2017","2017",5.6,,
"ITD5","Emilia-Romagna","INCID_POVREL_INDIV","incidenza di povertà relativa individuale (% di persone che vivono in famiglie in povertà relativa sui residenti)","2018","2018",6.8,,
"ITE","Centro","INCID_POVREL_INDIV","incidenza di povertà relativa individuale (% di persone che vivono in famiglie in povertà relativa sui residenti)","2016","2016",10.7,,
"ITE","Centro","INCID_POVREL_INDIV","incidenza di povertà relativa individuale (% di persone che vivono in famiglie in povertà relativa sui residenti)","2017","2017",10.5,,
"ITE","Centro","INCID_POVREL_INDIV","incidenza di povertà relativa individuale (% di persone che vivono in famiglie in povertà relativa sui residenti)","2018","2018",10.5,,
"ITE1","Toscana","INCID_POVREL_INDIV","incidenza di povertà relativa individuale (% di persone che vivono in famiglie in povertà relativa sui residenti)","2016","2016",5,,
"ITE1","Toscana","INCID_POVREL_INDIV","incidenza di povertà relativa individuale (% di persone che vivono in famiglie in povertà relativa sui residenti)","2017","2017",7.7,,
"ITE1","Toscana","INCID_POVREL_INDIV","incidenza di povertà relativa individuale (% di persone che vivono in famiglie in povertà relativa sui residenti)","2018","2018",8.3,,
"ITE2","Umbria","INCID_POVREL_INDIV","incidenza di povertà relativa individuale (% di persone che vivono in famiglie in povertà relativa sui residenti)","2016","2016",17.9,,
"ITE2","Umbria","INCID_POVREL_INDIV","incidenza di povertà relativa individuale (% di persone che vivono in famiglie in povertà relativa sui residenti)","2017","2017",17.6,,
"ITE2","Umbria","INCID_POVREL_INDIV","incidenza di povertà relativa individuale (% di persone che vivono in famiglie in povertà relativa sui residenti)","2018","2018",16.3,,
"ITE3","Marche","INCID_POVREL_INDIV","incidenza di povertà relativa individuale (% di persone che vivono in famiglie in povertà relativa sui residenti)","2016","2016",11.1,,
"ITE3","Marche","INCID_POVREL_INDIV","incidenza di povertà relativa individuale (% di persone che vivono in famiglie in povertà relativa sui residenti)","2017","2017",12.4,,
"ITE3","Marche","INCID_POVREL_INDIV","incidenza di povertà relativa individuale (% di persone che vivono in famiglie in povertà relativa sui residenti)","2018","2018",13.5,,
"ITE4","Lazio","INCID_POVREL_INDIV","incidenza di povertà relativa individuale (% di persone che vivono in famiglie in povertà relativa sui residenti)","2016","2016",13.1,,
"ITE4","Lazio","INCID_POVREL_INDIV","incidenza di povertà relativa individuale (% di persone che vivono in famiglie in povertà relativa sui residenti)","2017","2017",10.8,,
"ITE4","Lazio","INCID_POVREL_INDIV","incidenza di povertà relativa individuale (% di persone che vivono in famiglie in povertà relativa sui residenti)","2018","2018",10.2,,
"ITFG","Mezzogiorno","INCID_POVREL_INDIV","incidenza di povertà relativa individuale (% di persone che vivono in famiglie in povertà relativa sui residenti)","2016","2016",23.5,,
"ITFG","Mezzogiorno","INCID_POVREL_INDIV","incidenza di povertà relativa individuale (% di persone che vivono in famiglie in povertà relativa sui residenti)","2017","2017",28.2,,
"ITFG","Mezzogiorno","INCID_POVREL_INDIV","incidenza di povertà relativa individuale (% di persone che vivono in famiglie in povertà relativa sui residenti)","2018","2018",25.9,,
"ITF","Sud","INCID_POVREL_INDIV","incidenza di povertà relativa individuale (% di persone che vivono in famiglie in povertà relativa sui residenti)","2016","2016",22.6,,
"ITF","Sud","INCID_POVREL_INDIV","incidenza di povertà relativa individuale (% di persone che vivono in famiglie in povertà relativa sui residenti)","2017","2017",27,,
"ITF","Sud","INCID_POVREL_INDIV","incidenza di povertà relativa individuale (% di persone che vivono in famiglie in povertà relativa sui residenti)","2018","2018",26,,
"ITF1","Abruzzo","INCID_POVREL_INDIV","incidenza di povertà relativa individuale (% di persone che vivono in famiglie in povertà relativa sui residenti)","2016","2016",12.8,,
"ITF1","Abruzzo","INCID_POVREL_INDIV","incidenza di povertà relativa individuale (% di persone che vivono in famiglie in povertà relativa sui residenti)","2017","2017",17.6,,
"ITF1","Abruzzo","INCID_POVREL_INDIV","incidenza di povertà relativa individuale (% di persone che vivono in famiglie in povertà relativa sui residenti)","2018","2018",12,,
"ITF2","Molise","INCID_POVREL_INDIV","incidenza di povertà relativa individuale (% di persone che vivono in famiglie in povertà relativa sui residenti)","2016","2016",21.1,,
"ITF2","Molise","INCID_POVREL_INDIV","incidenza di povertà relativa individuale (% di persone che vivono in famiglie in povertà relativa sui residenti)","2017","2017",17.9,,
"ITF2","Molise","INCID_POVREL_INDIV","incidenza di povertà relativa individuale (% di persone che vivono in famiglie in povertà relativa sui residenti)","2018","2018",18,,
"ITF3","Campania","INCID_POVREL_INDIV","incidenza di povertà relativa individuale (% di persone che vivono in famiglie in povertà relativa sui residenti)","2016","2016",22.9,,
"ITF3","Campania","INCID_POVREL_INDIV","incidenza di povertà relativa individuale (% di persone che vivono in famiglie in povertà relativa sui residenti)","2017","2017",27.5,,
"ITF3","Campania","INCID_POVREL_INDIV","incidenza di povertà relativa individuale (% di persone che vivono in famiglie in povertà relativa sui residenti)","2018","2018",29.5,,
"ITF4","Puglia","INCID_POVREL_INDIV","incidenza di povertà relativa individuale (% di persone che vivono in famiglie in povertà relativa sui residenti)","2016","2016",17.6,,
"ITF4","Puglia","INCID_POVREL_INDIV","incidenza di povertà relativa individuale (% di persone che vivono in famiglie in povertà relativa sui residenti)","2017","2017",24.9,,
"ITF4","Puglia","INCID_POVREL_INDIV","incidenza di povertà relativa individuale (% di persone che vivono in famiglie in povertà relativa sui residenti)","2018","2018",22.8,,
"ITF5","Basilicata","INCID_POVREL_INDIV","incidenza di povertà relativa individuale (% di persone che vivono in famiglie in povertà relativa sui residenti)","2016","2016",21.6,,
"ITF5","Basilicata","INCID_POVREL_INDIV","incidenza di povertà relativa individuale (% di persone che vivono in famiglie in povertà relativa sui residenti)","2017","2017",22.7,,
"ITF5","Basilicata","INCID_POVREL_INDIV","incidenza di povertà relativa individuale (% di persone che vivono in famiglie in povertà relativa sui residenti)","2018","2018",19,,
"ITF6","Calabria","INCID_POVREL_INDIV","incidenza di povertà relativa individuale (% di persone che vivono in famiglie in povertà relativa sui residenti)","2016","2016",39.2,,
"ITF6","Calabria","INCID_POVREL_INDIV","incidenza di povertà relativa individuale (% di persone che vivono in famiglie in povertà relativa sui residenti)","2017","2017",38.8,,
"ITF6","Calabria","INCID_POVREL_INDIV","incidenza di povertà relativa individuale (% di persone che vivono in famiglie in povertà relativa sui residenti)","2018","2018",34.6,,
"ITG","Isole","INCID_POVREL_INDIV","incidenza di povertà relativa individuale (% di persone che vivono in famiglie in povertà relativa sui residenti)","2016","2016",25.5,,
"ITG","Isole","INCID_POVREL_INDIV","incidenza di povertà relativa individuale (% di persone che vivono in famiglie in povertà relativa sui residenti)","2017","2017",30.8,,
"ITG","Isole","INCID_POVREL_INDIV","incidenza di povertà relativa individuale (% di persone che vivono in famiglie in povertà relativa sui residenti)","2018","2018",25.7,,
"ITG1","Sicilia","INCID_POVREL_INDIV","incidenza di povertà relativa individuale (% di persone che vivono in famiglie in povertà relativa sui residenti)","2016","2016",28.6,,
"ITG1","Sicilia","INCID_POVREL_INDIV","incidenza di povertà relativa individuale (% di persone che vivono in famiglie in povertà relativa sui residenti)","2017","2017",33.9,,
"ITG1","Sicilia","INCID_POVREL_INDIV","incidenza di povertà relativa individuale (% di persone che vivono in famiglie in povertà relativa sui residenti)","2018","2018",26,,
"ITG2","Sardegna","INCID_POVREL_INDIV","incidenza di povertà relativa individuale (% di persone che vivono in famiglie in povertà relativa sui residenti)","2016","2016",16,,
"ITG2","Sardegna","INCID_POVREL_INDIV","incidenza di povertà relativa individuale (% di persone che vivono in famiglie in povertà relativa sui residenti)","2017","2017",21.4,,
"ITG2","Sardegna","INCID_POVREL_INDIV","incidenza di povertà relativa individuale (% di persone che vivono in famiglie in povertà relativa sui residenti)","2018","2018",25,,
